Network Type,Nodes,Edges,Avg Degree,Density
Bipartite (Drug-Disease),25018,3476631,277.93037013350386,0.011109660236379416
Projected (Drug-Drug),17734,115885625,13069.316003157775,0.7370053574216306
Projected (Disease-Disease),7284,20478140,5622.773201537617,0.7720408075707287
